month,美国CPI同比(%),美国失业率(%),美国10年期国债收益率(%),美元兑人民币(月均),VIX恐慌指数,布伦特原油(USD/桶),LME铜(USD/磅),中国CPI同比(%),中国制造业PMI,美国非农就业人数(千人),美国工业产出指数(2017=100),中国M2同比(%),社会融资规模存量同比(%)
2015-01-01,234.75,5.70,1.90,6.22,19.01,48.93,2.64,0.80,49.80,140568.00,102.90,12.20,13.90
2015-02-01,235.34,5.50,1.98,6.25,15.85,58.25,2.60,1.40,49.80,140827.00,102.20,11.70,13.90
2015-03-01,235.98,5.40,2.05,6.24,14.77,56.52,2.69,1.40,50.10,140923.00,101.90,12.20,13.90
2015-04-01,236.22,5.40,1.93,6.20,13.50,59.83,2.74,1.50,50.10,141196.00,101.30,11.10,13.90
2015-05-01,237.00,5.60,2.18,6.20,13.12,65.19,2.86,1.20,50.20,141538.00,100.90,10.10,13.90
2015-06-01,237.66,5.30,2.37,6.21,14.25,62.62,2.65,1.40,50.20,141709.00,100.60,9.40,13.90
2015-07-01,238.03,5.20,2.34,6.21,14.55,56.83,2.48,1.60,50.00,141991.00,101.20,8.90,13.90
2015-08-01,238.03,5.10,2.17,6.33,19.12,47.53,2.33,2.00,49.70,142125.00,101.00,9.00,13.50
2015-09-01,237.50,5.00,2.17,6.37,24.45,48.03,2.37,1.60,49.80,142275.00,100.80,9.50,13.30
2015-10-01,237.73,5.00,2.07,6.35,16.76,48.91,2.37,1.60,49.80,142579.00,100.30,10.00,13.00
2015-11-01,238.02,5.10,2.26,6.36,16.15,45.10,2.18,1.50,49.60,142808.00,99.50,10.70,12.40
2015-12-01,237.76,5.00,2.24,6.45,18.18,38.53,2.10,1.60,49.70,143077.00,99.00,11.10,12.40
2016-01-01,237.65,4.80,2.09,6.57,23.40,32.05,2.03,1.80,49.40,143210.00,99.60,13.30,12.40
2016-02-01,237.34,4.90,1.78,6.55,22.55,33.76,2.09,2.30,49.90,143407.00,99.00,12.80,12.70
2016-03-01,238.08,5.00,1.90,6.50,15.73,39.79,2.25,2.30,50.20,143662.00,98.30,12.20,13.40
2016-04-01,238.99,5.10,1.80,6.48,14.22,43.33,2.21,2.40,50.10,143855.00,98.60,12.70,13.50
2016-05-01,239.56,4.80,1.81,6.53,14.74,47.74,2.13,2.00,50.10,143900.00,98.40,12.60,13.30
2016-06-01,240.22,4.90,1.64,6.59,18.08,49.88,2.11,1.90,50.00,144146.00,98.90,12.40,13.20
2016-07-01,240.10,4.80,1.50,6.67,13.13,46.60,2.21,1.60,49.90,144520.00,99.00,12.20,13.10
2016-08-01,240.54,4.90,1.56,6.65,12.29,47.05,2.16,1.30,49.70,144662.00,98.80,11.90,13.00
2016-09-01,241.18,5.00,1.63,6.67,14.16,47.38,2.14,0.50,49.80,144967.00,98.70,11.80,13.00
2016-10-01,241.74,4.90,1.76,6.73,14.55,51.41,2.15,-0.30,49.80,145066.00,98.80,12.00,12.70
2016-11-01,242.03,4.70,2.15,6.84,15.20,46.94,2.47,-0.30,51.40,145183.00,98.30,12.00,12.50
2016-12-01,242.64,4.70,2.50,6.92,12.47,55.02,2.57,2.10,49.70,145408.00,99.00,11.80,12.80
2017-01-01,243.62,4.70,2.44,6.89,11.64,55.71,2.61,2.50,51.30,145628.00,98.80,11.60,12.50
2017-02-01,244.01,4.60,2.42,6.87,11.43,56.10,2.69,0.80,51.60,145848.00,98.40,11.30,12.30
2017-03-01,243.89,4.40,2.48,6.89,11.85,52.66,2.64,0.80,51.80,145969.00,99.00,11.20,12.20
2017-04-01,244.19,4.40,2.30,6.89,13.30,53.98,2.58,1.20,51.90,146174.00,100.00,11.00,12.20
2017-05-01,244.00,4.40,2.30,6.88,10.79,51.37,2.54,1.50,51.20,146380.00,100.10,10.90,12.20
2017-06-01,244.16,4.30,2.18,6.81,10.43,47.65,2.59,1.50,51.70,146583.00,100.30,10.80,12.00
2017-07-01,244.24,4.30,2.32,6.77,10.31,49.25,2.71,1.40,51.40,146772.00,100.10,10.60,11.90
2017-08-01,245.18,4.40,2.21,6.67,12.18,51.93,2.94,1.80,51.70,146919.00,99.70,10.30,11.80
2017-09-01,246.44,4.30,2.20,6.56,10.41,55.56,2.98,1.60,52.40,147007.00,99.80,10.40,11.70
2017-10-01,246.63,4.20,2.36,6.63,10.01,57.54,3.09,0.00,51.60,147150.00,101.00,10.30,11.40
2017-11-01,247.28,4.20,2.35,6.62,10.48,62.84,3.10,-0.30,51.80,147373.00,101.30,10.20,11.20
2017-12-01,247.80,4.10,2.40,6.59,10.26,64.06,3.10,1.80,51.60,147523.00,101.50,10.10,11.10
2018-01-01,248.86,4.00,2.58,6.43,10.87,68.89,3.21,1.50,51.30,147660.00,101.50,9.80,10.70
2018-02-01,249.53,4.10,2.86,6.32,21.82,65.70,3.18,2.90,50.30,148054.00,101.70,9.60,10.60
2018-03-01,249.58,4.00,2.84,6.32,19.01,66.89,3.08,2.10,51.50,148280.00,102.20,9.50,10.50
2018-04-01,250.23,4.00,2.87,6.30,18.20,71.93,3.11,1.80,51.40,148422.00,103.30,9.50,10.30
2018-05-01,250.79,3.80,2.98,6.37,13.94,76.93,3.10,1.80,51.10,148740.00,102.40,9.40,10.10
2018-06-01,251.02,4.00,2.91,6.46,13.54,75.80,3.16,1.90,51.50,148959.00,103.20,9.40,10.00
2018-07-01,251.21,3.80,2.88,6.71,13.26,75.23,2.84,2.10,51.20,149020.00,103.40,9.40,9.80
2018-08-01,251.66,3.80,2.89,6.84,12.50,73.85,2.74,2.30,51.30,149279.00,104.00,9.50,9.70
2018-09-01,252.18,3.70,2.99,6.85,12.85,79.16,2.74,2.50,50.80,149358.00,104.10,9.60,9.50
2018-10-01,252.77,3.80,3.16,6.92,19.53,80.78,2.82,2.10,50.20,149526.00,104.00,9.60,9.40
2018-11-01,252.59,3.80,3.12,6.94,19.37,66.23,2.81,2.20,50.00,149617.00,104.10,9.50,9.30
2018-12-01,252.77,3.90,2.84,6.89,24.96,57.95,2.76,1.90,49.40,149809.00,104.10,9.20,9.10
2019-01-01,252.56,4.00,2.72,6.79,19.48,59.94,2.69,1.70,49.50,150059.00,103.40,8.90,9.00
2019-02-01,253.32,3.80,2.67,6.74,15.18,64.38,2.86,1.50,49.20,150065.00,102.80,9.10,9.20
2019-03-01,254.28,3.80,2.57,6.71,14.50,66.94,2.92,2.30,50.50,150295.00,102.90,9.40,9.30
2019-04-01,255.23,3.70,2.53,6.72,12.78,71.48,2.92,2.50,50.10,150593.00,102.30,9.40,9.40
2019-05-01,255.30,3.60,2.40,6.85,16.30,70.39,2.73,2.70,49.40,150621.00,102.40,9.20,9.30
2019-06-01,255.21,3.60,2.08,6.90,15.94,63.21,2.67,2.70,49.40,150839.00,102.40,9.00,9.20
2019-07-01,255.80,3.70,2.06,6.88,13.22,64.32,2.69,2.80,49.70,150936.00,101.90,8.90,9.10
2019-08-01,256.04,3.60,1.63,7.06,18.85,59.62,2.59,2.80,49.50,151171.00,102.60,9.00,9.30
2019-09-01,256.43,3.50,1.69,7.11,15.72,62.43,2.61,3.00,49.80,151365.00,102.30,9.20,9.50
2019-10-01,257.15,3.60,1.71,7.10,15.32,59.63,2.61,3.80,49.30,151460.00,101.40,9.60,9.70
2019-11-01,257.88,3.60,1.82,7.02,12.41,62.69,2.66,4.50,50.20,151668.00,101.90,9.90,9.60
2019-12-01,258.63,3.60,1.86,7.01,13.50,65.35,2.76,4.10,50.20,151795.00,101.70,9.60,9.80
2020-01-01,259.13,3.60,1.77,6.92,13.71,63.90,2.74,5.40,35.70,152031.00,101.00,9.40,10.00
2020-02-01,259.25,3.50,1.50,6.99,19.20,55.69,2.58,5.20,35.70,152292.00,101.40,9.10,10.10
2020-03-01,258.08,4.40,0.87,7.02,57.19,33.95,2.35,4.30,52.00,150895.00,97.40,9.00,10.30
2020-04-01,256.03,14.80,0.66,7.07,41.24,26.85,2.29,3.30,50.80,130424.00,84.60,9.10,10.40
2020-05-01,255.80,13.20,0.67,7.10,30.70,32.42,2.38,2.40,50.60,133040.00,86.00,9.20,10.50
2020-06-01,257.04,11.00,0.73,7.08,31.52,40.86,2.61,2.50,50.90,137671.00,91.60,9.30,10.60
2020-07-01,258.35,10.20,0.63,7.01,26.81,43.30,2.89,2.70,51.10,139255.00,95.00,9.70,10.70
2020-08-01,259.32,8.40,0.65,6.93,22.87,45.08,2.95,2.40,51.00,140819.00,96.00,10.00,10.80
2020-09-01,260.00,7.80,0.68,6.81,27.70,41.93,3.04,1.70,51.50,141770.00,96.00,10.00,10.90
2020-10-01,260.32,6.90,0.79,6.72,29.06,41.61,3.05,0.50,51.40,142461.00,96.70,9.90,11.00
2020-11-01,260.91,6.70,0.87,6.60,24.81,44.05,3.21,-0.50,52.10,142731.00,97.10,10.00,11.10
2020-12-01,262.04,6.70,0.94,6.54,22.20,50.38,3.53,0.20,51.90,142548.00,98.40,10.10,11.20
2021-01-01,262.64,6.40,1.08,6.47,24.76,55.22,3.62,0.30,51.30,142913.00,98.90,10.10,11.30
2021-02-01,263.57,6.20,1.27,6.46,22.90,62.36,3.84,1.10,50.60,143422.00,95.60,10.30,11.40
2021-03-01,264.85,6.10,1.62,6.51,21.70,65.80,4.08,0.40,51.90,144246.00,98.40,10.50,11.50
2021-04-01,266.62,6.10,1.64,6.52,17.28,65.53,4.23,0.90,51.10,144611.00,98.60,10.50,11.60
2021-05-01,268.40,5.80,1.62,6.43,19.16,68.38,4.61,1.30,51.00,145032.00,99.40,10.40,11.70
2021-06-01,270.71,5.90,1.52,6.42,16.99,73.51,4.37,1.10,50.90,145828.00,99.80,10.30,11.80
2021-07-01,271.96,5.40,1.33,6.48,17.32,74.40,4.29,1.00,50.40,146759.00,100.30,10.20,11.90
2021-08-01,272.75,5.10,1.28,6.48,17.28,70.59,4.25,0.80,50.10,147246.00,100.00,10.20,12.00
2021-09-01,273.94,4.70,1.37,6.46,19.49,74.75,4.23,0.70,49.60,147712.00,98.90,10.30,12.10
2021-10-01,276.53,4.50,1.58,6.42,17.78,83.87,4.46,1.50,49.20,148569.00,100.20,10.40,12.20
2021-11-01,278.82,4.20,1.55,6.39,18.86,80.89,4.41,2.30,50.10,149206.00,100.90,10.60,12.30
2021-12-01,280.81,3.90,1.46,6.37,21.47,74.68,4.33,1.50,50.20,149781.00,100.60,10.50,12.20
2022-01-01,282.54,4.00,1.75,6.36,22.78,85.62,4.44,1.50,50.10,150006.00,100.20,10.60,12.10
2022-02-01,284.52,3.80,1.93,6.34,26.03,94.27,4.51,0.90,50.20,150875.00,100.80,10.50,12.00
2022-03-01,287.47,3.70,2.12,6.34,26.94,112.44,4.64,1.50,49.50,151346.00,101.40,10.50,11.90
2022-04-01,288.58,3.70,2.74,6.43,24.23,106.16,4.62,2.10,47.40,151651.00,101.40,10.40,11.80
2022-05-01,291.30,3.60,2.89,6.70,29.25,112.11,4.26,2.10,49.60,151892.00,101.30,10.30,11.70
2022-06-01,295.07,3.60,3.14,6.70,28.10,117.69,4.11,2.50,50.20,152353.00,101.00,10.20,11.60
2022-07-01,294.94,3.50,2.89,6.73,24.67,105.25,3.42,2.70,49.00,153049.00,101.20,10.10,11.50
2022-08-01,295.16,3.60,2.90,6.80,22.05,97.64,3.62,2.50,49.40,153286.00,101.10,10.00,11.40
2022-09-01,296.42,3.50,3.48,7.01,27.02,90.61,3.51,2.80,50.10,153513.00,101.30,9.90,11.30
2022-10-01,297.98,3.60,3.98,7.18,30.03,93.72,3.47,2.10,49.20,153913.00,101.30,9.80,11.20
2022-11-01,298.71,3.60,3.88,7.18,23.13,90.94,3.65,1.60,48.00,154210.00,101.00,9.70,11.10
2022-12-01,298.81,3.50,3.62,6.97,21.64,81.50,3.80,1.80,47.00,154336.00,99.80,9.60,11.00
2023-01-01,300.46,3.50,3.55,6.79,20.08,84.08,4.09,2.10,50.10,154780.00,100.50,9.50,10.90
2023-02-01,301.48,3.60,3.75,6.84,20.13,83.63,4.05,1.00,50.20,155086.00,100.60,9.40,10.80
2023-03-01,301.64,3.50,3.65,6.89,21.90,79.26,4.02,0.70,51.90,155171.00,101.00,9.30,10.70
2023-04-01,302.86,3.40,3.47,6.89,17.68,83.54,4.00,0.10,50.40,155387.00,101.30,9.20,10.60
2023-05-01,303.32,3.60,3.59,6.99,17.54,75.75,3.74,-0.30,48.80,155614.00,100.90,9.10,10.50
2023-06-01,304.10,3.60,3.75,7.15,13.96,74.97,3.81,-0.20,49.00,155871.00,100.10,9.00,10.40
2023-07-01,304.62,3.50,3.90,7.19,13.87,80.11,3.84,0.10,49.30,156019.00,100.90,8.90,10.30
2023-08-01,306.14,3.70,4.17,7.25,15.95,85.17,3.79,0.30,49.70,156176.00,100.80,8.80,10.20
2023-09-01,307.37,3.80,4.36,7.30,15.07,92.67,3.75,0.00,50.20,156334.00,101.00,8.70,10.10
2023-10-01,307.65,3.90,4.79,7.31,19.11,88.95,3.60,-0.20,49.50,156520.00,100.50,8.60,10.00
2023-11-01,308.09,3.70,4.51,7.23,13.97,82.19,3.71,0.00,49.40,156661.00,100.90,8.50,9.90
2023-12-01,308.74,3.80,4.02,7.14,12.67,77.54,3.81,0.20,49.00,156930.00,100.60,8.40,9.80
2024-01-01,309.79,3.70,4.05,7.17,13.30,79.11,3.79,0.80,49.20,157049.00,99.20,8.30,9.70
2024-02-01,311.02,3.90,4.21,7.19,13.90,81.80,3.77,0.70,49.10,157271.00,100.30,8.20,9.60
2024-03-01,312.11,3.90,4.21,7.20,13.72,84.96,3.94,0.90,50.80,157517.00,100.50,8.10,9.50
2024-04-01,313.02,3.90,4.54,7.24,16.31,88.97,4.28,0.30,50.40,157635.00,100.20,8.00,9.40
2024-05-01,313.14,4.00,4.48,7.23,12.91,83.05,4.59,0.30,49.50,157828.00,100.90,7.90,9.30
2024-06-01,313.13,4.10,4.32,7.25,12.67,82.92,4.38,0.00,49.50,157915.00,100.90,7.80,9.20
2024-07-01,313.57,4.20,4.25,7.26,14.40,84.05,4.26,-0.30,49.40,158003.00,100.00,7.70,9.10
2024-08-01,314.13,4.20,3.87,7.15,18.99,79.02,4.07,-0.10,49.50,158074.00,100.40,7.60,9.00
2024-09-01,314.85,4.10,3.73,7.07,17.67,73.06,4.20,0.40,50.10,158314.00,99.80,7.50,8.90
2024-10-01,315.56,4.10,4.10,7.08,19.84,75.27,4.32,0.30,50.20,158358.00,99.50,7.40,8.80
2024-11-01,316.45,4.20,4.35,7.20,16.21,73.51,4.12,0.20,50.30,158619.00,99.30,7.30,8.70
2024-12-01,317.60,4.10,4.40,7.28,15.57,73.23,4.04,0.10,49.20,158942.00,100.30,7.20,8.60
2025-01-01,319.09,4.00,4.63,7.30,16.75,78.19,4.07,0.80,50.10,159053.00,100.10,7.10,8.50
2025-02-01,319.77,4.10,4.46,7.27,16.83,75.19,4.23,0.90,50.20,159155.00,101.10,7.20,8.60
2025-03-01,319.62,4.20,4.28,7.25,21.62,71.74,4.42,1.00,50.60,159275.00,101.00,7.30,8.70
2025-04-01,320.32,4.20,4.28,7.29,32.52,66.93,4.16,1.10,50.40,159433.00,101.10,7.40,8.80
2025-05-01,320.58,4.20,4.42,7.22,20.55,64.09,4.32,1.20,50.10,159452.00,101.00,7.50,8.90
2025-06-01,321.50,4.10,4.39,7.18,18.47,69.85,4.46,1.30,49.50,159439.00,101.50,7.60,9.00
2025-07-01,322.13,4.20,4.39,7.17,16.36,69.85,4.46,1.40,49.80,159511.00,101.90,7.70,9.10
2025-08-01,323.36,4.30,4.26,7.17,15.84,69.85,4.46,1.50,50.00,159485.00,101.60,7.80,9.20
2025-09-01,324.37,4.40,4.13,7.12,15.62,69.85,4.46,1.40,50.20,159593.00,101.70,7.90,9.30
2025-10-01,324.37,4.40,4.06,7.12,18.29,69.85,4.46,1.30,50.30,159488.00,101.60,8.00,9.40
2025-11-01,325.03,4.60,4.09,7.11,19.59,69.85,4.46,1.20,50.10,159552.00,101.80,8.10,9.50
